insider_name,relation,transaction_date,transaction_code,shares,price,shares_after,ownership_form,form4_url
HUANG JEN HSUN,,2025-09-09,S,15516,167.479,72382850,D,https://www.sec.gov/Archives/edgar/data/1045810/000119764925000031/wk-form4_1757630649.xml
HUANG JEN HSUN,,2025-09-09,S,38757,168.3267,72344093,D,https://www.sec.gov/Archives/edgar/data/1045810/000119764925000031/wk-form4_1757630649.xml
HUANG JEN HSUN,,2025-09-09,S,11547,169.1468,72332546,D,https://www.sec.gov/Archives/edgar/data/1045810/000119764925000031/wk-form4_1757630649.xml
HUANG JEN HSUN,,2025-09-09,S,8519,170.2982,72324027,D,https://www.sec.gov/Archives/edgar/data/1045810/000119764925000031/wk-form4_1757630649.xml
HUANG JEN HSUN,,2025-09-09,S,661,170.9278,72323366,D,https://www.sec.gov/Archives/edgar/data/1045810/000119764925000031/wk-form4_1757630649.xml
HUANG JEN HSUN,,2025-09-10,S,10739,176.3138,72312627,D,https://www.sec.gov/Archives/edgar/data/1045810/000119764925000031/wk-form4_1757630649.xml
HUANG JEN HSUN,,2025-09-10,S,27517,177.2683,72285110,D,https://www.sec.gov/Archives/edgar/data/1045810/000119764925000031/wk-form4_1757630649.xml
HUANG JEN HSUN,,2025-09-10,S,29952,178.0036,72255158,D,https://www.sec.gov/Archives/edgar/data/1045810/000119764925000031/wk-form4_1757630649.xml
HUANG JEN HSUN,,2025-09-10,S,6792,178.8976,72248366,D,https://www.sec.gov/Archives/edgar/data/1045810/000119764925000031/wk-form4_1757630649.xml
HUANG JEN HSUN,,2025-09-11,S,32834,177.2235,72215532,D,https://www.sec.gov/Archives/edgar/data/1045810/000119764925000031/wk-form4_1757630649.xml
HUANG JEN HSUN,,2025-09-11,S,37975,177.8881,72177557,D,https://www.sec.gov/Archives/edgar/data/1045810/000119764925000031/wk-form4_1757630649.xml
HUANG JEN HSUN,,2025-09-11,S,1919,179.1302,72175638,D,https://www.sec.gov/Archives/edgar/data/1045810/000119764925000031/wk-form4_1757630649.xml
HUANG JEN HSUN,,2025-09-11,S,2272,179.7707,72173366,D,https://www.sec.gov/Archives/edgar/data/1045810/000119764925000031/wk-form4_1757630649.xml
COXE TENCH,,2025-09-08,G,1000000,0,25671360,I,https://www.sec.gov/Archives/edgar/data/1045810/000141588925024119/form4-09102025_090948.xml
HUANG JEN HSUN,,2025-09-04,S,22848,170.2439,72600518,D,https://www.sec.gov/Archives/edgar/data/1045810/000119764925000029/wk-form4_1757374259.xml
HUANG JEN HSUN,,2025-09-04,S,49673,170.8315,72550845,D,https://www.sec.gov/Archives/edgar/data/1045810/000119764925000029/wk-form4_1757374259.xml
HUANG JEN HSUN,,2025-09-04,S,2479,171.6465,72548366,D,https://www.sec.gov/Archives/edgar/data/1045810/000119764925000029/wk-form4_1757374259.xml
HUANG JEN HSUN,,2025-09-05,S,7088,164.801,72541278,D,https://www.sec.gov/Archives/edgar/data/1045810/000119764925000029/wk-form4_1757374259.xml
HUANG JEN HSUN,,2025-09-05,S,13692,165.6337,72527586,D,https://www.sec.gov/Archives/edgar/data/1045810/000119764925000029/wk-form4_1757374259.xml
HUANG JEN HSUN,,2025-09-05,S,42767,166.6611,72484819,D,https://www.sec.gov/Archives/edgar/data/1045810/000119764925000029/wk-form4_1757374259.xml
HUANG JEN HSUN,,2025-09-05,S,8624,167.5726,72476195,D,https://www.sec.gov/Archives/edgar/data/1045810/000119764925000029/wk-form4_1757374259.xml
HUANG JEN HSUN,,2025-09-05,S,2829,168.4531,72473366,D,https://www.sec.gov/Archives/edgar/data/1045810/000119764925000029/wk-form4_1757374259.xml
HUANG JEN HSUN,,2025-09-08,S,5006,168.2422,72468360,D,https://www.sec.gov/Archives/edgar/data/1045810/000119764925000029/wk-form4_1757374259.xml
HUANG JEN HSUN,,2025-09-08,S,15794,169.2876,72452566,D,https://www.sec.gov/Archives/edgar/data/1045810/000119764925000029/wk-form4_1757374259.xml
HUANG JEN HSUN,,2025-09-08,S,52820,169.9468,72399746,D,https://www.sec.gov/Archives/edgar/data/1045810/000119764925000029/wk-form4_1757374259.xml
HUANG JEN HSUN,,2025-09-08,S,1380,170.7167,72398366,D,https://www.sec.gov/Archives/edgar/data/1045810/000119764925000029/wk-form4_1757374259.xml
HUDSON DAWN E,,2025-09-02,S,72000,170.6259,386887,D,https://www.sec.gov/Archives/edgar/data/1045810/000121988825000005/wk-form4_1757019606.xml
HUDSON DAWN E,,2025-09-03,S,18000,172,368887,D,https://www.sec.gov/Archives/edgar/data/1045810/000121988825000005/wk-form4_1757019606.xml
Shoquist Debora,,2025-08-29,G,55172,0,1734443,I,https://www.sec.gov/Archives/edgar/data/1045810/000128385425000004/wk-form4_1756946639.xml
SEAWELL A BROOKE,,2025-08-29,G,1200000,0,532728,I,https://www.sec.gov/Archives/edgar/data/1045810/000119765225000005/wk-form4_1756946443.xml
Neal Stephen C,,2025-08-29,G,1700,0,171410,I,https://www.sec.gov/Archives/edgar/data/1045810/000176867025000005/wk-form4_1756946210.xml
HUANG JEN HSUN,,2025-08-29,S,32488,173.8729,72815878,D,https://www.sec.gov/Archives/edgar/data/1045810/000119764925000027/wk-form4_1756945908.xml
HUANG JEN HSUN,,2025-08-29,S,34773,174.5759,72781105,D,https://www.sec.gov/Archives/edgar/data/1045810/000119764925000027/wk-form4_1756945908.xml
HUANG JEN HSUN,,2025-08-29,S,2860,175.436,72778245,D,https://www.sec.gov/Archives/edgar/data/1045810/000119764925000027/wk-form4_1756945908.xml
HUANG JEN HSUN,,2025-08-29,S,3509,176.7084,72774736,D,https://www.sec.gov/Archives/edgar/data/1045810/000119764925000027/wk-form4_1756945908.xml
HUANG JEN HSUN,,2025-08-29,S,1370,177.6669,72773366,D,https://www.sec.gov/Archives/edgar/data/1045810/000119764925000027/wk-form4_1756945908.xml
HUANG JEN HSUN,,2025-09-02,S,9391,167.8642,72763975,D,https://www.sec.gov/Archives/edgar/data/1045810/000119764925000027/wk-form4_1756945908.xml
HUANG JEN HSUN,,2025-09-02,S,23316,168.9946,72740659,D,https://www.sec.gov/Archives/edgar/data/1045810/000119764925000027/wk-form4_1756945908.xml
HUANG JEN HSUN,,2025-09-02,S,19876,169.8152,72720783,D,https://www.sec.gov/Archives/edgar/data/1045810/000119764925000027/wk-form4_1756945908.xml
HUANG JEN HSUN,,2025-09-02,S,17540,170.6894,72703243,D,https://www.sec.gov/Archives/edgar/data/1045810/000119764925000027/wk-form4_1756945908.xml
HUANG JEN HSUN,,2025-09-02,S,4877,171.7427,72698366,D,https://www.sec.gov/Archives/edgar/data/1045810/000119764925000027/wk-form4_1756945908.xml
HUANG JEN HSUN,,2025-09-03,S,16955,169.4812,72681411,D,https://www.sec.gov/Archives/edgar/data/1045810/000119764925000027/wk-form4_1756945908.xml
HUANG JEN HSUN,,2025-09-03,S,21785,170.4358,72659626,D,https://www.sec.gov/Archives/edgar/data/1045810/000119764925000027/wk-form4_1756945908.xml
HUANG JEN HSUN,,2025-09-03,S,32641,171.3282,72626985,D,https://www.sec.gov/Archives/edgar/data/1045810/000119764925000027/wk-form4_1756945908.xml
HUANG JEN HSUN,,2025-09-03,S,3619,172.1181,72623366,D,https://www.sec.gov/Archives/edgar/data/1045810/000119764925000027/wk-form4_1756945908.xml
HUANG JEN HSUN,,2025-08-14,S,2311,180.127,72995914,D,https://www.sec.gov/Archives/edgar/data/1045810/000119764925000025/wk-form4_1755550763.xml
HUANG JEN HSUN,,2025-08-14,S,14673,181.1977,72981241,D,https://www.sec.gov/Archives/edgar/data/1045810/000119764925000025/wk-form4_1755550763.xml
HUANG JEN HSUN,,2025-08-14,S,53466,181.9834,72927775,D,https://www.sec.gov/Archives/edgar/data/1045810/000119764925000025/wk-form4_1755550763.xml
HUANG JEN HSUN,,2025-08-14,S,4550,182.7131,72923225,D,https://www.sec.gov/Archives/edgar/data/1045810/000119764925000025/wk-form4_1755550763.xml
HUANG JEN HSUN,,2025-08-15,S,11883,178.9205,72911342,D,https://www.sec.gov/Archives/edgar/data/1045810/000119764925000025/wk-form4_1755550763.xml
HUANG JEN HSUN,,2025-08-15,S,45688,179.6893,72865654,D,https://www.sec.gov/Archives/edgar/data/1045810/000119764925000025/wk-form4_1755550763.xml
HUANG JEN HSUN,,2025-08-15,S,15479,180.433,72850175,D,https://www.sec.gov/Archives/edgar/data/1045810/000119764925000025/wk-form4_1755550763.xml
HUANG JEN HSUN,,2025-08-15,S,1950,181.3374,72848225,D,https://www.sec.gov/Archives/edgar/data/1045810/000119764925000025/wk-form4_1755550763.xml
HUANG JEN HSUN,,2025-08-11,S,3995,180.9738,73219230,D,https://www.sec.gov/Archives/edgar/data/1045810/000119764925000023/wk-form4_1755127980.xml
HUANG JEN HSUN,,2025-08-11,S,12903,181.9676,73206327,D,https://www.sec.gov/Archives/edgar/data/1045810/000119764925000023/wk-form4_1755127980.xml
HUANG JEN HSUN,,2025-08-11,S,46436,182.9039,73159891,D,https://www.sec.gov/Archives/edgar/data/1045810/000119764925000023/wk-form4_1755127980.xml
HUANG JEN HSUN,,2025-08-11,S,11666,183.5221,73148225,D,https://www.sec.gov/Archives/edgar/data/1045810/000119764925000023/wk-form4_1755127980.xml
HUANG JEN HSUN,,2025-08-12,S,3952,180.0479,73144273,D,https://www.sec.gov/Archives/edgar/data/1045810/000119764925000023/wk-form4_1755127980.xml
HUANG JEN HSUN,,2025-08-12,S,16093,181.0148,73128180,D,https://www.sec.gov/Archives/edgar/data/1045810/000119764925000023/wk-form4_1755127980.xml
HUANG JEN HSUN,,2025-08-12,S,29095,182.0983,73099085,D,https://www.sec.gov/Archives/edgar/data/1045810/000119764925000023/wk-form4_1755127980.xml
HUANG JEN HSUN,,2025-08-12,S,25860,182.8204,73073225,D,https://www.sec.gov/Archives/edgar/data/1045810/000119764925000023/wk-form4_1755127980.xml
HUANG JEN HSUN,,2025-08-13,S,14148,180.026,73059077,D,https://www.sec.gov/Archives/edgar/data/1045810/000119764925000023/wk-form4_1755127980.xml
HUANG JEN HSUN,,2025-08-13,S,26758,180.9741,73032319,D,https://www.sec.gov/Archives/edgar/data/1045810/000119764925000023/wk-form4_1755127980.xml
HUANG JEN HSUN,,2025-08-13,S,20553,181.6989,73011766,D,https://www.sec.gov/Archives/edgar/data/1045810/000119764925000023/wk-form4_1755127980.xml
HUANG JEN HSUN,,2025-08-13,S,9958,182.9541,73001808,D,https://www.sec.gov/Archives/edgar/data/1045810/000119764925000023/wk-form4_1755127980.xml
HUANG JEN HSUN,,2025-08-13,S,3583,183.6417,72998225,D,https://www.sec.gov/Archives/edgar/data/1045810/000119764925000023/wk-form4_1755127980.xml
HUANG JEN HSUN,,2025-08-06,S,4809,176.8756,73443416,D,https://www.sec.gov/Archives/edgar/data/1045810/000119764925000021/wk-form4_1754689862.xml
HUANG JEN HSUN,,2025-08-06,S,28725,177.8317,73414691,D,https://www.sec.gov/Archives/edgar/data/1045810/000119764925000021/wk-form4_1754689862.xml
HUANG JEN HSUN,,2025-08-06,S,29382,178.7851,73385309,D,https://www.sec.gov/Archives/edgar/data/1045810/000119764925000021/wk-form4_1754689862.xml
HUANG JEN HSUN,,2025-08-06,S,12084,179.5238,73373225,D,https://www.sec.gov/Archives/edgar/data/1045810/000119764925000021/wk-form4_1754689862.xml
HUANG JEN HSUN,,2025-08-07,S,13294,179.4829,73359931,D,https://www.sec.gov/Archives/edgar/data/1045810/000119764925000021/wk-form4_1754689862.xml
HUANG JEN HSUN,,2025-08-07,S,17356,180.2574,73342575,D,https://www.sec.gov/Archives/edgar/data/1045810/000119764925000021/wk-form4_1754689862.xml
HUANG JEN HSUN,,2025-08-07,S,13894,181.4106,73328681,D,https://www.sec.gov/Archives/edgar/data/1045810/000119764925000021/wk-form4_1754689862.xml
HUANG JEN HSUN,,2025-08-07,S,18770,182.3339,73309911,D,https://www.sec.gov/Archives/edgar/data/1045810/000119764925000021/wk-form4_1754689862.xml
HUANG JEN HSUN,,2025-08-07,S,11686,183.14,73298225,D,https://www.sec.gov/Archives/edgar/data/1045810/000119764925000021/wk-form4_1754689862.xml
HUANG JEN HSUN,,2025-08-08,S,4683,180.9766,73293542,D,https://www.sec.gov/Archives/edgar/data/1045810/000119764925000021/wk-form4_1754689862.xml
HUANG JEN HSUN,,2025-08-08,S,29416,182.1003,73264126,D,https://www.sec.gov/Archives/edgar/data/1045810/000119764925000021/wk-form4_1754689862.xml
HUANG JEN HSUN,,2025-08-08,S,40901,182.7448,73223225,D,https://www.sec.gov/Archives/edgar/data/1045810/000119764925000021/wk-form4_1754689862.xml
Kress Colette,,2025-08-04,S,1235,175.0895,2983281,D,https://www.sec.gov/Archives/edgar/data/1045810/000158867025000006/wk-form4_1754522367.xml
Kress Colette,,2025-08-04,S,2076,176.2875,2981205,D,https://www.sec.gov/Archives/edgar/data/1045810/000158867025000006/wk-form4_1754522367.xml
Kress Colette,,2025-08-04,S,6871,177.1508,2974334,D,https://www.sec.gov/Archives/edgar/data/1045810/000158867025000006/wk-form4_1754522367.xml
Kress Colette,,2025-08-04,S,5328,177.9366,2969006,D,https://www.sec.gov/Archives/edgar/data/1045810/000158867025000006/wk-form4_1754522367.xml
Kress Colette,,2025-08-04,S,10857,179.1525,2958149,D,https://www.sec.gov/Archives/edgar/data/1045810/000158867025000006/wk-form4_1754522367.xml
Kress Colette,,2025-08-04,S,1273,179.8424,2956876,D,https://www.sec.gov/Archives/edgar/data/1045810/000158867025000006/wk-form4_1754522367.xml
Kress Colette,,2025-08-04,S,441,175.0899,162619,I,https://www.sec.gov/Archives/edgar/data/1045810/000158867025000006/wk-form4_1754522367.xml
Kress Colette,,2025-08-04,S,738,176.288,161881,I,https://www.sec.gov/Archives/edgar/data/1045810/000158867025000006/wk-form4_1754522367.xml
Kress Colette,,2025-08-04,S,2463,177.1519,159418,I,https://www.sec.gov/Archives/edgar/data/1045810/000158867025000006/wk-form4_1754522367.xml
Kress Colette,,2025-08-04,S,2009,177.9396,157409,I,https://www.sec.gov/Archives/edgar/data/1045810/000158867025000006/wk-form4_1754522367.xml
Kress Colette,,2025-08-04,S,3883,179.147,153526,I,https://www.sec.gov/Archives/edgar/data/1045810/000158867025000006/wk-form4_1754522367.xml
Kress Colette,,2025-08-04,S,466,179.8426,153060,I,https://www.sec.gov/Archives/edgar/data/1045810/000158867025000006/wk-form4_1754522367.xml
Kress Colette,,2025-08-04,S,429,175.0881,792505,I,https://www.sec.gov/Archives/edgar/data/1045810/000158867025000006/wk-form4_1754522367.xml
Kress Colette,,2025-08-04,S,722,176.2888,791783,I,https://www.sec.gov/Archives/edgar/data/1045810/000158867025000006/wk-form4_1754522367.xml
Kress Colette,,2025-08-04,S,2424,177.1538,789359,I,https://www.sec.gov/Archives/edgar/data/1045810/000158867025000006/wk-form4_1754522367.xml
Kress Colette,,2025-08-04,S,2136,177.944,787223,I,https://www.sec.gov/Archives/edgar/data/1045810/000158867025000006/wk-form4_1754522367.xml
Kress Colette,,2025-08-04,S,3825,179.1389,783398,I,https://www.sec.gov/Archives/edgar/data/1045810/000158867025000006/wk-form4_1754522367.xml
Kress Colette,,2025-08-04,S,464,179.8415,782934,I,https://www.sec.gov/Archives/edgar/data/1045810/000158867025000006/wk-form4_1754522367.xml
HUANG JEN HSUN,,2025-08-01,S,4067,171.5924,73669158,D,https://www.sec.gov/Archives/edgar/data/1045810/000119764925000019/wk-form4_1754436649.xml
HUANG JEN HSUN,,2025-08-01,S,10946,172.5176,73658212,D,https://www.sec.gov/Archives/edgar/data/1045810/000119764925000019/wk-form4_1754436649.xml
HUANG JEN HSUN,,2025-08-01,S,24897,173.4905,73633315,D,https://www.sec.gov/Archives/edgar/data/1045810/000119764925000019/wk-form4_1754436649.xml
HUANG JEN HSUN,,2025-08-01,S,17001,174.4972,73616314,D,https://www.sec.gov/Archives/edgar/data/1045810/000119764925000019/wk-form4_1754436649.xml
HUANG JEN HSUN,,2025-08-01,S,13030,175.4639,73603284,D,https://www.sec.gov/Archives/edgar/data/1045810/000119764925000019/wk-form4_1754436649.xml
HUANG JEN HSUN,,2025-08-01,S,5059,176.1652,73598225,D,https://www.sec.gov/Archives/edgar/data/1045810/000119764925000019/wk-form4_1754436649.xml
HUANG JEN HSUN,,2025-08-04,S,3187,175.1502,73595038,D,https://www.sec.gov/Archives/edgar/data/1045810/000119764925000019/wk-form4_1754436649.xml
HUANG JEN HSUN,,2025-08-04,S,6221,176.3812,73588817,D,https://www.sec.gov/Archives/edgar/data/1045810/000119764925000019/wk-form4_1754436649.xml
HUANG JEN HSUN,,2025-08-04,S,20670,177.3531,73568147,D,https://www.sec.gov/Archives/edgar/data/1045810/000119764925000019/wk-form4_1754436649.xml
HUANG JEN HSUN,,2025-08-04,S,12243,178.2361,73555904,D,https://www.sec.gov/Archives/edgar/data/1045810/000119764925000019/wk-form4_1754436649.xml
HUANG JEN HSUN,,2025-08-04,S,30197,179.2267,73525707,D,https://www.sec.gov/Archives/edgar/data/1045810/000119764925000019/wk-form4_1754436649.xml
HUANG JEN HSUN,,2025-08-04,S,2482,179.9019,73523225,D,https://www.sec.gov/Archives/edgar/data/1045810/000119764925000019/wk-form4_1754436649.xml
HUANG JEN HSUN,,2025-08-05,S,7876,176.686,73515349,D,https://www.sec.gov/Archives/edgar/data/1045810/000119764925000019/wk-form4_1754436649.xml
HUANG JEN HSUN,,2025-08-05,S,21460,177.6166,73493889,D,https://www.sec.gov/Archives/edgar/data/1045810/000119764925000019/wk-form4_1754436649.xml
HUANG JEN HSUN,,2025-08-05,S,30466,178.4764,73463423,D,https://www.sec.gov/Archives/edgar/data/1045810/000119764925000019/wk-form4_1754436649.xml
HUANG JEN HSUN,,2025-08-05,S,13567,179.3724,73449856,D,https://www.sec.gov/Archives/edgar/data/1045810/000119764925000019/wk-form4_1754436649.xml
HUANG JEN HSUN,,2025-08-05,S,1631,180.1028,73448225,D,https://www.sec.gov/Archives/edgar/data/1045810/000119764925000019/wk-form4_1754436649.xml
HUANG JEN HSUN,,2025-07-29,S,22617,175.9113,73875608,D,https://www.sec.gov/Archives/edgar/data/1045810/000119764925000017/wk-form4_1754005059.xml
HUANG JEN HSUN,,2025-07-29,S,23643,176.4785,73851965,D,https://www.sec.gov/Archives/edgar/data/1045810/000119764925000017/wk-form4_1754005059.xml
HUANG JEN HSUN,,2025-07-29,S,8234,177.877,73843731,D,https://www.sec.gov/Archives/edgar/data/1045810/000119764925000017/wk-form4_1754005059.xml
HUANG JEN HSUN,,2025-07-29,S,20062,178.652,73823669,D,https://www.sec.gov/Archives/edgar/data/1045810/000119764925000017/wk-form4_1754005059.xml
HUANG JEN HSUN,,2025-07-29,S,444,179.3038,73823225,D,https://www.sec.gov/Archives/edgar/data/1045810/000119764925000017/wk-form4_1754005059.xml
HUANG JEN HSUN,,2025-07-30,S,2241,176.7086,73820984,D,https://www.sec.gov/Archives/edgar/data/1045810/000119764925000017/wk-form4_1754005059.xml
HUANG JEN HSUN,,2025-07-30,S,11141,177.6767,73809843,D,https://www.sec.gov/Archives/edgar/data/1045810/000119764925000017/wk-form4_1754005059.xml
HUANG JEN HSUN,,2025-07-30,S,37774,178.7388,73772069,D,https://www.sec.gov/Archives/edgar/data/1045810/000119764925000017/wk-form4_1754005059.xml
HUANG JEN HSUN,,2025-07-30,S,23844,179.4286,73748225,D,https://www.sec.gov/Archives/edgar/data/1045810/000119764925000017/wk-form4_1754005059.xml
HUANG JEN HSUN,,2025-07-31,S,1958,176.9181,73746267,D,https://www.sec.gov/Archives/edgar/data/1045810/000119764925000017/wk-form4_1754005059.xml
HUANG JEN HSUN,,2025-07-31,S,19623,177.7261,73726644,D,https://www.sec.gov/Archives/edgar/data/1045810/000119764925000017/wk-form4_1754005059.xml
HUANG JEN HSUN,,2025-07-31,S,3947,178.9803,73722697,D,https://www.sec.gov/Archives/edgar/data/1045810/000119764925000017/wk-form4_1754005059.xml
HUANG JEN HSUN,,2025-07-31,S,11204,179.8009,73711493,D,https://www.sec.gov/Archives/edgar/data/1045810/000119764925000017/wk-form4_1754005059.xml
HUANG JEN HSUN,,2025-07-31,S,17547,180.7904,73693946,D,https://www.sec.gov/Archives/edgar/data/1045810/000119764925000017/wk-form4_1754005059.xml
HUANG JEN HSUN,,2025-07-31,S,17768,181.7127,73676178,D,https://www.sec.gov/Archives/edgar/data/1045810/000119764925000017/wk-form4_1754005059.xml
HUANG JEN HSUN,,2025-07-31,S,2953,182.7007,73673225,D,https://www.sec.gov/Archives/edgar/data/1045810/000119764925000017/wk-form4_1754005059.xml
HUANG JEN HSUN,,2025-07-24,S,13798,172.0758,74109427,D,https://www.sec.gov/Archives/edgar/data/1045810/000119764925000014/wk-form4_1753743396.xml
HUANG JEN HSUN,,2025-07-24,S,34909,172.8449,74074518,D,https://www.sec.gov/Archives/edgar/data/1045810/000119764925000014/wk-form4_1753743396.xml
HUANG JEN HSUN,,2025-07-24,S,26293,173.571,74048225,D,https://www.sec.gov/Archives/edgar/data/1045810/000119764925000014/wk-form4_1753743396.xml
HUANG JEN HSUN,,2025-07-25,S,46701,173.657,74001524,D,https://www.sec.gov/Archives/edgar/data/1045810/000119764925000014/wk-form4_1753743396.xml
HUANG JEN HSUN,,2025-07-25,S,28299,174.2598,73973225,D,https://www.sec.gov/Archives/edgar/data/1045810/000119764925000014/wk-form4_1753743396.xml
HUANG JEN HSUN,,2025-07-28,S,36083,174.8635,73937142,D,https://www.sec.gov/Archives/edgar/data/1045810/000119764925000014/wk-form4_1753743396.xml
HUANG JEN HSUN,,2025-07-28,S,33967,175.4397,73903175,D,https://www.sec.gov/Archives/edgar/data/1045810/000119764925000014/wk-form4_1753743396.xml
HUANG JEN HSUN,,2025-07-28,S,4950,176.3777,73898225,D,https://www.sec.gov/Archives/edgar/data/1045810/000119764925000014/wk-form4_1753743396.xml
HUANG JEN HSUN,,2025-07-21,S,22769,171.9176,74325456,D,https://www.sec.gov/Archives/edgar/data/1045810/000119764925000012/wk-form4_1753310780.xml
HUANG JEN HSUN,,2025-07-21,S,51901,172.6317,74273555,D,https://www.sec.gov/Archives/edgar/data/1045810/000119764925000012/wk-form4_1753310780.xml
HUANG JEN HSUN,,2025-07-21,S,330,173.1861,74273225,D,https://www.sec.gov/Archives/edgar/data/1045810/000119764925000012/wk-form4_1753310780.xml
HUANG JEN HSUN,,2025-07-22,S,2390,165.3619,74270835,D,https://www.sec.gov/Archives/edgar/data/1045810/000119764925000012/wk-form4_1753310780.xml
HUANG JEN HSUN,,2025-07-22,S,8414,166.2245,74262421,D,https://www.sec.gov/Archives/edgar/data/1045810/000119764925000012/wk-form4_1753310780.xml
HUANG JEN HSUN,,2025-07-22,S,16041,167.2578,74246380,D,https://www.sec.gov/Archives/edgar/data/1045810/000119764925000012/wk-form4_1753310780.xml
HUANG JEN HSUN,,2025-07-22,S,43439,168.0112,74202941,D,https://www.sec.gov/Archives/edgar/data/1045810/000119764925000012/wk-form4_1753310780.xml
HUANG JEN HSUN,,2025-07-22,S,3356,168.9343,74199585,D,https://www.sec.gov/Archives/edgar/data/1045810/000119764925000012/wk-form4_1753310780.xml
HUANG JEN HSUN,,2025-07-22,S,843,170.3842,74198742,D,https://www.sec.gov/Archives/edgar/data/1045810/000119764925000012/wk-form4_1753310780.xml
HUANG JEN HSUN,,2025-07-22,S,517,170.974,74198225,D,https://www.sec.gov/Archives/edgar/data/1045810/000119764925000012/wk-form4_1753310780.xml
HUANG JEN HSUN,,2025-07-23,S,23208,168.7626,74175017,D,https://www.sec.gov/Archives/edgar/data/1045810/000119764925000012/wk-form4_1753310780.xml
HUANG JEN HSUN,,2025-07-23,S,31123,169.4245,74143894,D,https://www.sec.gov/Archives/edgar/data/1045810/000119764925000012/wk-form4_1753310780.xml
HUANG JEN HSUN,,2025-07-23,S,20329,170.5735,74123565,D,https://www.sec.gov/Archives/edgar/data/1045810/000119764925000012/wk-form4_1753310780.xml
HUANG JEN HSUN,,2025-07-23,S,340,171.1571,74123225,D,https://www.sec.gov/Archives/edgar/data/1045810/000119764925000012/wk-form4_1753310780.xml
HUANG JEN HSUN,,2025-07-16,S,8171,169.7369,74565054,D,https://www.sec.gov/Archives/edgar/data/1045810/000119764925000010/wk-form4_1752880799.xml
HUANG JEN HSUN,,2025-07-16,S,44727,170.4735,74520327,D,https://www.sec.gov/Archives/edgar/data/1045810/000119764925000010/wk-form4_1752880799.xml
HUANG JEN HSUN,,2025-07-16,S,22102,171.1389,74498225,D,https://www.sec.gov/Archives/edgar/data/1045810/000119764925000010/wk-form4_1752880799.xml
HUANG JEN HSUN,,2025-07-17,S,6853,171.5135,74491372,D,https://www.sec.gov/Archives/edgar/data/1045810/000119764925000010/wk-form4_1752880799.xml
HUANG JEN HSUN,,2025-07-17,S,13610,172.6338,74477762,D,https://www.sec.gov/Archives/edgar/data/1045810/000119764925000010/wk-form4_1752880799.xml
HUANG JEN HSUN,,2025-07-17,S,53807,173.3385,74423955,D,https://www.sec.gov/Archives/edgar/data/1045810/000119764925000010/wk-form4_1752880799.xml
HUANG JEN HSUN,,2025-07-17,S,730,174.0332,74423225,D,https://www.sec.gov/Archives/edgar/data/1045810/000119764925000010/wk-form4_1752880799.xml
HUANG JEN HSUN,,2025-07-18,S,32909,172.0562,74390316,D,https://www.sec.gov/Archives/edgar/data/1045810/000119764925000010/wk-form4_1752880799.xml
HUANG JEN HSUN,,2025-07-18,S,27225,172.4796,74363091,D,https://www.sec.gov/Archives/edgar/data/1045810/000119764925000010/wk-form4_1752880799.xml
HUANG JEN HSUN,,2025-07-18,S,14866,173.6049,74348225,D,https://www.sec.gov/Archives/edgar/data/1045810/000119764925000010/wk-form4_1752880799.xml
Kress Colette,,2025-07-15,S,4933,170.0271,3007233,D,https://www.sec.gov/Archives/edgar/data/1045810/000158867025000003/wk-form4_1752799565.xml
Kress Colette,,2025-07-15,S,18527,170.9335,2988706,D,https://www.sec.gov/Archives/edgar/data/1045810/000158867025000003/wk-form4_1752799565.xml
Kress Colette,,2025-07-15,S,4190,171.6808,2984516,D,https://www.sec.gov/Archives/edgar/data/1045810/000158867025000003/wk-form4_1752799565.xml
Kress Colette,,2025-07-15,S,1777,170.0274,171283,I,https://www.sec.gov/Archives/edgar/data/1045810/000158867025000003/wk-form4_1752799565.xml
Kress Colette,,2025-07-15,S,6720,170.9338,164563,I,https://www.sec.gov/Archives/edgar/data/1045810/000158867025000003/wk-form4_1752799565.xml
Kress Colette,,2025-07-15,S,1503,171.6807,163060,I,https://www.sec.gov/Archives/edgar/data/1045810/000158867025000003/wk-form4_1752799565.xml
Kress Colette,,2025-07-15,S,1785,170.0266,801149,I,https://www.sec.gov/Archives/edgar/data/1045810/000158867025000003/wk-form4_1752799565.xml
Kress Colette,,2025-07-15,S,6693,170.9326,794456,I,https://www.sec.gov/Archives/edgar/data/1045810/000158867025000003/wk-form4_1752799565.xml
Kress Colette,,2025-07-15,S,1522,171.6822,792934,I,https://www.sec.gov/Archives/edgar/data/1045810/000158867025000003/wk-form4_1752799565.xml
SEAWELL A BROOKE,,2025-07-11,S,2562,164.2132,1823820,I,https://www.sec.gov/Archives/edgar/data/1045810/000104581025000190/wk-form4_1752617063.xml
SEAWELL A BROOKE,,2025-07-11,S,8883,165.1635,1814937,I,https://www.sec.gov/Archives/edgar/data/1045810/000104581025000190/wk-form4_1752617063.xml
SEAWELL A BROOKE,,2025-07-11,S,21838,166.332,1793099,I,https://www.sec.gov/Archives/edgar/data/1045810/000104581025000190/wk-form4_1752617063.xml
SEAWELL A BROOKE,,2025-07-11,S,13979,167.1897,1779120,I,https://www.sec.gov/Archives/edgar/data/1045810/000104581025000190/wk-form4_1752617063.xml
SEAWELL A BROOKE,,2025-07-11,S,850,167.7859,1778270,I,https://www.sec.gov/Archives/edgar/data/1045810/000104581025000190/wk-form4_1752617063.xml
SEAWELL A BROOKE,,2025-07-14,S,5984,162.671,1772286,I,https://www.sec.gov/Archives/edgar/data/1045810/000104581025000190/wk-form4_1752617063.xml
SEAWELL A BROOKE,,2025-07-14,S,22798,163.6321,1749488,I,https://www.sec.gov/Archives/edgar/data/1045810/000104581025000190/wk-form4_1752617063.xml
SEAWELL A BROOKE,,2025-07-14,S,16326,164.6228,1733162,I,https://www.sec.gov/Archives/edgar/data/1045810/000104581025000190/wk-form4_1752617063.xml
SEAWELL A BROOKE,,2025-07-14,S,3684,165.1422,1729478,I,https://www.sec.gov/Archives/edgar/data/1045810/000104581025000190/wk-form4_1752617063.xml
HUANG JEN HSUN,,2025-07-11,S,2550,164.1768,74795675,D,https://www.sec.gov/Archives/edgar/data/1045810/000119764925000008/wk-form4_1752616809.xml
HUANG JEN HSUN,,2025-07-11,S,23547,165.2138,74772128,D,https://www.sec.gov/Archives/edgar/data/1045810/000119764925000008/wk-form4_1752616809.xml
HUANG JEN HSUN,,2025-07-11,S,36807,166.2351,74735321,D,https://www.sec.gov/Archives/edgar/data/1045810/000119764925000008/wk-form4_1752616809.xml
HUANG JEN HSUN,,2025-07-11,S,11324,167.1746,74723997,D,https://www.sec.gov/Archives/edgar/data/1045810/000119764925000008/wk-form4_1752616809.xml
HUANG JEN HSUN,,2025-07-11,S,772,167.7699,74723225,D,https://www.sec.gov/Archives/edgar/data/1045810/000119764925000008/wk-form4_1752616809.xml
HUANG JEN HSUN,,2025-07-14,S,4941,162.7089,74718284,D,https://www.sec.gov/Archives/edgar/data/1045810/000119764925000008/wk-form4_1752616809.xml
HUANG JEN HSUN,,2025-07-14,S,19824,163.702,74698460,D,https://www.sec.gov/Archives/edgar/data/1045810/000119764925000008/wk-form4_1752616809.xml
HUANG JEN HSUN,,2025-07-14,S,44176,164.73,74654284,D,https://www.sec.gov/Archives/edgar/data/1045810/000119764925000008/wk-form4_1752616809.xml
HUANG JEN HSUN,,2025-07-14,S,6059,165.1752,74648225,D,https://www.sec.gov/Archives/edgar/data/1045810/000119764925000008/wk-form4_1752616809.xml
HUANG JEN HSUN,,2025-07-15,S,9940,169.9454,74638285,D,https://www.sec.gov/Archives/edgar/data/1045810/000119764925000008/wk-form4_1752616809.xml
HUANG JEN HSUN,,2025-07-15,S,42447,170.7953,74595838,D,https://www.sec.gov/Archives/edgar/data/1045810/000119764925000008/wk-form4_1752616809.xml
HUANG JEN HSUN,,2025-07-15,S,22613,171.4854,74573225,D,https://www.sec.gov/Archives/edgar/data/1045810/000119764925000008/wk-form4_1752616809.xml
HUANG JEN HSUN,,2025-07-08,S,41182,159.0669,74982043,D,https://www.sec.gov/Archives/edgar/data/1045810/000119764925000006/wk-form4_1752190192.xml
HUANG JEN HSUN,,2025-07-08,S,33818,159.7173,74948225,D,https://www.sec.gov/Archives/edgar/data/1045810/000119764925000006/wk-form4_1752190192.xml
HUANG JEN HSUN,,2025-07-09,S,1302,161.6309,74946923,D,https://www.sec.gov/Archives/edgar/data/1045810/000119764925000006/wk-form4_1752190192.xml
HUANG JEN HSUN,,2025-07-09,S,49324,162.9137,74897599,D,https://www.sec.gov/Archives/edgar/data/1045810/000119764925000006/wk-form4_1752190192.xml
HUANG JEN HSUN,,2025-07-09,S,24031,163.5914,74873568,D,https://www.sec.gov/Archives/edgar/data/1045810/000119764925000006/wk-form4_1752190192.xml
HUANG JEN HSUN,,2025-07-09,S,343,164.2916,74873225,D,https://www.sec.gov/Archives/edgar/data/1045810/000119764925000006/wk-form4_1752190192.xml
HUANG JEN HSUN,,2025-07-10,S,18386,162.3414,74854839,D,https://www.sec.gov/Archives/edgar/data/1045810/000119764925000006/wk-form4_1752190192.xml
HUANG JEN HSUN,,2025-07-10,S,29285,163.1494,74825554,D,https://www.sec.gov/Archives/edgar/data/1045810/000119764925000006/wk-form4_1752190192.xml
HUANG JEN HSUN,,2025-07-10,S,27329,163.9923,74798225,D,https://www.sec.gov/Archives/edgar/data/1045810/000119764925000006/wk-form4_1752190192.xml
SEAWELL A BROOKE,,2025-07-08,S,49595,159.0372,1925189,I,https://www.sec.gov/Archives/edgar/data/1045810/000104581025000188/wk-form4_1752189991.xml
SEAWELL A BROOKE,,2025-07-08,S,705,159.5989,1924484,I,https://www.sec.gov/Archives/edgar/data/1045810/000104581025000188/wk-form4_1752189991.xml
SEAWELL A BROOKE,,2025-07-09,S,19922,162.9602,1904562,I,https://www.sec.gov/Archives/edgar/data/1045810/000104581025000188/wk-form4_1752189991.xml
SEAWELL A BROOKE,,2025-07-09,S,28199,163.6163,1876363,I,https://www.sec.gov/Archives/edgar/data/1045810/000104581025000188/wk-form4_1752189991.xml
SEAWELL A BROOKE,,2025-07-09,S,850,164.2981,1875513,I,https://www.sec.gov/Archives/edgar/data/1045810/000104581025000188/wk-form4_1752189991.xml
SEAWELL A BROOKE,,2025-07-10,S,22292,162.3193,1853221,I,https://www.sec.gov/Archives/edgar/data/1045810/000104581025000188/wk-form4_1752189991.xml
SEAWELL A BROOKE,,2025-07-10,S,21333,163.0789,1831888,I,https://www.sec.gov/Archives/edgar/data/1045810/000104581025000188/wk-form4_1752189991.xml
SEAWELL A BROOKE,,2025-07-10,S,5506,163.9091,1826382,I,https://www.sec.gov/Archives/edgar/data/1045810/000104581025000188/wk-form4_1752189991.xml
HUANG JEN HSUN,,2025-07-02,S,1856,153.6703,75246369,D,https://www.sec.gov/Archives/edgar/data/1045810/000119764925000004/wk-form4_1751934819.xml
HUANG JEN HSUN,,2025-07-02,S,10638,154.54,75235731,D,https://www.sec.gov/Archives/edgar/data/1045810/000119764925000004/wk-form4_1751934819.xml
HUANG JEN HSUN,,2025-07-02,S,5675,155.4484,75230056,D,https://www.sec.gov/Archives/edgar/data/1045810/000119764925000004/wk-form4_1751934819.xml
HUANG JEN HSUN,,2025-07-02,S,36662,156.7389,75193394,D,https://www.sec.gov/Archives/edgar/data/1045810/000119764925000004/wk-form4_1751934819.xml
HUANG JEN HSUN,,2025-07-02,S,20169,157.2401,75173225,D,https://www.sec.gov/Archives/edgar/data/1045810/000119764925000004/wk-form4_1751934819.xml
HUANG JEN HSUN,,2025-07-03,S,17324,158.4139,75155901,D,https://www.sec.gov/Archives/edgar/data/1045810/000119764925000004/wk-form4_1751934819.xml
HUANG JEN HSUN,,2025-07-03,S,42970,159.3874,75112931,D,https://www.sec.gov/Archives/edgar/data/1045810/000119764925000004/wk-form4_1751934819.xml
HUANG JEN HSUN,,2025-07-03,S,13758,160.125,75099173,D,https://www.sec.gov/Archives/edgar/data/1045810/000119764925000004/wk-form4_1751934819.xml
HUANG JEN HSUN,,2025-07-03,S,948,160.8423,75098225,D,https://www.sec.gov/Archives/edgar/data/1045810/000119764925000004/wk-form4_1751934819.xml
HUANG JEN HSUN,,2025-07-07,S,46971,158.1943,75051254,D,https://www.sec.gov/Archives/edgar/data/1045810/000119764925000004/wk-form4_1751934819.xml
HUANG JEN HSUN,,2025-07-07,S,28029,158.6077,75023225,D,https://www.sec.gov/Archives/edgar/data/1045810/000119764925000004/wk-form4_1751934819.xml
SEAWELL A BROOKE,,2025-07-02,S,4180,153.8818,2072529,I,https://www.sec.gov/Archives/edgar/data/1045810/000104581025000186/wk-form4_1751934586.xml
SEAWELL A BROOKE,,2025-07-02,S,16042,154.6144,2056487,I,https://www.sec.gov/Archives/edgar/data/1045810/000104581025000186/wk-form4_1751934586.xml
SEAWELL A BROOKE,,2025-07-02,S,9379,155.6175,2047108,I,https://www.sec.gov/Archives/edgar/data/1045810/000104581025000186/wk-form4_1751934586.xml
SEAWELL A BROOKE,,2025-07-02,S,19128,156.5667,2027980,I,https://www.sec.gov/Archives/edgar/data/1045810/000104581025000186/wk-form4_1751934586.xml
SEAWELL A BROOKE,,2025-07-02,S,2682,157.3542,2025298,I,https://www.sec.gov/Archives/edgar/data/1045810/000104581025000186/wk-form4_1751934586.xml
SEAWELL A BROOKE,,2025-07-07,S,25738,158.0646,1999560,I,https://www.sec.gov/Archives/edgar/data/1045810/000104581025000186/wk-form4_1751934586.xml
SEAWELL A BROOKE,,2025-07-07,S,24776,158.686,1974784,I,https://www.sec.gov/Archives/edgar/data/1045810/000104581025000186/wk-form4_1751934586.xml
SEAWELL A BROOKE,,2025-06-30,S,20463,156.7071,1658898,I,https://www.sec.gov/Archives/edgar/data/1045810/000104581025000183/wk-form4_1751413230.xml
SEAWELL A BROOKE,,2025-06-30,S,26519,157.3152,1632379,I,https://www.sec.gov/Archives/edgar/data/1045810/000104581025000183/wk-form4_1751413230.xml
SEAWELL A BROOKE,,2025-06-30,S,3930,158.1053,1628449,I,https://www.sec.gov/Archives/edgar/data/1045810/000104581025000183/wk-form4_1751413230.xml
SEAWELL A BROOKE,,2025-07-01,S,6194,152.1636,1622255,I,https://www.sec.gov/Archives/edgar/data/1045810/000104581025000183/wk-form4_1751413230.xml
SEAWELL A BROOKE,,2025-07-01,S,14391,153.0724,1607864,I,https://www.sec.gov/Archives/edgar/data/1045810/000104581025000183/wk-form4_1751413230.xml
SEAWELL A BROOKE,,2025-07-01,S,3590,153.9755,1604274,I,https://www.sec.gov/Archives/edgar/data/1045810/000104581025000183/wk-form4_1751413230.xml
SEAWELL A BROOKE,,2025-07-01,S,3224,155.0303,1601050,I,https://www.sec.gov/Archives/edgar/data/1045810/000104581025000183/wk-form4_1751413230.xml
SEAWELL A BROOKE,,2025-07-01,S,22318,156.1398,1578732,I,https://www.sec.gov/Archives/edgar/data/1045810/000104581025000183/wk-form4_1751413230.xml
SEAWELL A BROOKE,,2025-07-01,S,2023,156.8321,1576709,I,https://www.sec.gov/Archives/edgar/data/1045810/000104581025000183/wk-form4_1751413230.xml
HUANG JEN HSUN,,2025-06-27,S,17774,156.0159,75455451,D,https://www.sec.gov/Archives/edgar/data/1045810/000104581025000182/wk-form4_1751412913.xml
HUANG JEN HSUN,,2025-06-27,S,27574,156.8974,75427877,D,https://www.sec.gov/Archives/edgar/data/1045810/000104581025000182/wk-form4_1751412913.xml
HUANG JEN HSUN,,2025-06-27,S,26947,157.6498,75400930,D,https://www.sec.gov/Archives/edgar/data/1045810/000104581025000182/wk-form4_1751412913.xml
HUANG JEN HSUN,,2025-06-27,S,2705,158.4551,75398225,D,https://www.sec.gov/Archives/edgar/data/1045810/000104581025000182/wk-form4_1751412913.xml
HUANG JEN HSUN,,2025-06-30,S,19624,156.8135,75378601,D,https://www.sec.gov/Archives/edgar/data/1045810/000104581025000182/wk-form4_1751412913.xml
HUANG JEN HSUN,,2025-06-30,S,49070,157.7268,75329531,D,https://www.sec.gov/Archives/edgar/data/1045810/000104581025000182/wk-form4_1751412913.xml
HUANG JEN HSUN,,2025-06-30,S,6306,158.2701,75323225,D,https://www.sec.gov/Archives/edgar/data/1045810/000104581025000182/wk-form4_1751412913.xml
HUANG JEN HSUN,,2025-07-01,S,4497,152.2292,75318728,D,https://www.sec.gov/Archives/edgar/data/1045810/000104581025000182/wk-form4_1751412913.xml
HUANG JEN HSUN,,2025-07-01,S,14104,153.0139,75304624,D,https://www.sec.gov/Archives/edgar/data/1045810/000104581025000182/wk-form4_1751412913.xml
HUANG JEN HSUN,,2025-07-01,S,21050,153.7314,75283574,D,https://www.sec.gov/Archives/edgar/data/1045810/000104581025000182/wk-form4_1751412913.xml
HUANG JEN HSUN,,2025-07-01,S,18612,154.6027,75264962,D,https://www.sec.gov/Archives/edgar/data/1045810/000104581025000182/wk-form4_1751412913.xml
HUANG JEN HSUN,,2025-07-01,S,12561,156.0585,75252401,D,https://www.sec.gov/Archives/edgar/data/1045810/000104581025000182/wk-form4_1751412913.xml
HUANG JEN HSUN,,2025-07-01,S,4176,156.6425,75248225,D,https://www.sec.gov/Archives/edgar/data/1045810/000104581025000182/wk-form4_1751412913.xml
COXE TENCH,,2025-06-26,A,1799.0000,0.0000,56167.0000,D,https://www.sec.gov/Archives/edgar/data/1045810/000122520825006216/doc4.xml
JONES HARVEY C,,2025-06-26,A,1799,0,70407,D,https://www.sec.gov/Archives/edgar/data/1045810/000104581025000178/wk-form4_1751317746.xml
HUDSON DAWN E,,2025-06-26,A,1799,0,458887,D,https://www.sec.gov/Archives/edgar/data/1045810/000104581025000177/wk-form4_1751317588.xml
Ochoa Ellen,,2025-06-26,A,1799,0,4968,D,https://www.sec.gov/Archives/edgar/data/1045810/000104581025000176/wk-form4_1751317475.xml
STEVENS MARK A,,2025-06-26,A,1799,0,11543401,D,https://www.sec.gov/Archives/edgar/data/1045810/000104581025000175/wk-form4_1751317362.xml
Shah Aarti S.,,2025-06-26,A,1799,0,55007,D,https://www.sec.gov/Archives/edgar/data/1045810/000104581025000174/wk-form4_1751317235.xml
SEAWELL A BROOKE,,2025-06-26,A,1799,0,10387,D,https://www.sec.gov/Archives/edgar/data/1045810/000104581025000173/wk-form4_1751317101.xml
LORA MELISSA,,2025-06-26,A,1799,0,15657,D,https://www.sec.gov/Archives/edgar/data/1045810/000104581025000172/wk-form4_1751316977.xml
Drell Persis,,2025-06-26,A,1799,0,3887,D,https://www.sec.gov/Archives/edgar/data/1045810/000104581025000171/wk-form4_1751316844.xml
Dabiri John,,2025-06-26,A,1799,0,18418,D,https://www.sec.gov/Archives/edgar/data/1045810/000104581025000170/wk-form4_1751316698.xml
BURGESS ROBERT K,,2025-06-26,A,1799,0,202843,D,https://www.sec.gov/Archives/edgar/data/1045810/000104581025000169/wk-form4_1751316539.xml
Neal Stephen C,,2025-06-26,A,1799,0,3887,D,https://www.sec.gov/Archives/edgar/data/1045810/000104581025000168/wk-form4_1751316316.xml
Puri Ajay K,,2025-06-25,S,5955,150.5096,4180787,I,https://www.sec.gov/Archives/edgar/data/1045810/000104581025000152/wk-form4_1751062904.xml
Puri Ajay K,,2025-06-25,S,53013,151.6017,4127774,I,https://www.sec.gov/Archives/edgar/data/1045810/000104581025000152/wk-form4_1751062904.xml
Puri Ajay K,,2025-06-25,S,40619,152.4496,4087155,I,https://www.sec.gov/Archives/edgar/data/1045810/000104581025000152/wk-form4_1751062904.xml
Puri Ajay K,,2025-06-25,S,65420,153.7079,4021735,I,https://www.sec.gov/Archives/edgar/data/1045810/000104581025000152/wk-form4_1751062904.xml
Puri Ajay K,,2025-06-25,S,3188,154.3203,4018547,I,https://www.sec.gov/Archives/edgar/data/1045810/000104581025000152/wk-form4_1751062904.xml
SEAWELL A BROOKE,,2025-06-25,S,6892,149.9687,1827678,I,https://www.sec.gov/Archives/edgar/data/1045810/000104581025000151/wk-form4_1751062519.xml
SEAWELL A BROOKE,,2025-06-25,S,10967,151.1583,1816711,I,https://www.sec.gov/Archives/edgar/data/1045810/000104581025000151/wk-form4_1751062519.xml
SEAWELL A BROOKE,,2025-06-25,S,28055,151.8864,1788656,I,https://www.sec.gov/Archives/edgar/data/1045810/000104581025000151/wk-form4_1751062519.xml
SEAWELL A BROOKE,,2025-06-25,S,6860,152.6868,1781796,I,https://www.sec.gov/Archives/edgar/data/1045810/000104581025000151/wk-form4_1751062519.xml
SEAWELL A BROOKE,,2025-06-26,S,13561,154.6887,1768235,I,https://www.sec.gov/Archives/edgar/data/1045810/000104581025000151/wk-form4_1751062519.xml
SEAWELL A BROOKE,,2025-06-26,S,27941,155.5779,1740294,I,https://www.sec.gov/Archives/edgar/data/1045810/000104581025000151/wk-form4_1751062519.xml
SEAWELL A BROOKE,,2025-06-26,S,9953,156.2489,1730341,I,https://www.sec.gov/Archives/edgar/data/1045810/000104581025000151/wk-form4_1751062519.xml
SEAWELL A BROOKE,,2025-06-27,S,14355,155.9728,1715986,I,https://www.sec.gov/Archives/edgar/data/1045810/000104581025000151/wk-form4_1751062519.xml
SEAWELL A BROOKE,,2025-06-27,S,18411,156.7448,1697575,I,https://www.sec.gov/Archives/edgar/data/1045810/000104581025000151/wk-form4_1751062519.xml
SEAWELL A BROOKE,,2025-06-27,S,13013,157.6161,1684562,I,https://www.sec.gov/Archives/edgar/data/1045810/000104581025000151/wk-form4_1751062519.xml
SEAWELL A BROOKE,,2025-06-27,S,5201,158.428,1679361,I,https://www.sec.gov/Archives/edgar/data/1045810/000104581025000151/wk-form4_1751062519.xml
HUANG JEN HSUN,,2025-06-24,S,4918,146.1433,75668307,D,https://www.sec.gov/Archives/edgar/data/1045810/000104581025000148/wk-form4_1750981346.xml
HUANG JEN HSUN,,2025-06-24,S,42013,147.1666,75626294,D,https://www.sec.gov/Archives/edgar/data/1045810/000104581025000148/wk-form4_1750981346.xml
HUANG JEN HSUN,,2025-06-24,S,3069,147.7522,75623225,D,https://www.sec.gov/Archives/edgar/data/1045810/000104581025000148/wk-form4_1750981346.xml
HUANG JEN HSUN,,2025-06-25,S,3043,149.8507,75620182,D,https://www.sec.gov/Archives/edgar/data/1045810/000104581025000148/wk-form4_1750981346.xml
HUANG JEN HSUN,,2025-06-25,S,6429,151.0466,75613753,D,https://www.sec.gov/Archives/edgar/data/1045810/000104581025000148/wk-form4_1750981346.xml
HUANG JEN HSUN,,2025-06-25,S,24866,151.8086,75588887,D,https://www.sec.gov/Archives/edgar/data/1045810/000104581025000148/wk-form4_1750981346.xml
HUANG JEN HSUN,,2025-06-25,S,11499,152.6631,75577388,D,https://www.sec.gov/Archives/edgar/data/1045810/000104581025000148/wk-form4_1750981346.xml
HUANG JEN HSUN,,2025-06-25,S,28277,153.7151,75549111,D,https://www.sec.gov/Archives/edgar/data/1045810/000104581025000148/wk-form4_1750981346.xml
HUANG JEN HSUN,,2025-06-25,S,886,154.352,75548225,D,https://www.sec.gov/Archives/edgar/data/1045810/000104581025000148/wk-form4_1750981346.xml
HUANG JEN HSUN,,2025-06-26,S,11324,154.7779,75536901,D,https://www.sec.gov/Archives/edgar/data/1045810/000104581025000148/wk-form4_1750981346.xml
HUANG JEN HSUN,,2025-06-26,S,54331,155.6449,75482570,D,https://www.sec.gov/Archives/edgar/data/1045810/000104581025000148/wk-form4_1750981346.xml
HUANG JEN HSUN,,2025-06-26,S,9345,156.2868,75473225,D,https://www.sec.gov/Archives/edgar/data/1045810/000104581025000148/wk-form4_1750981346.xml
SEAWELL A BROOKE,,2025-06-20,S,8674,143.2326,1991326,I,https://www.sec.gov/Archives/edgar/data/1045810/000104581025000146/wk-form4_1750804182.xml
SEAWELL A BROOKE,,2025-06-20,S,17844,144.1641,1973482,I,https://www.sec.gov/Archives/edgar/data/1045810/000104581025000146/wk-form4_1750804182.xml
SEAWELL A BROOKE,,2025-06-20,S,20921,145.3569,1952561,I,https://www.sec.gov/Archives/edgar/data/1045810/000104581025000146/wk-form4_1750804182.xml
SEAWELL A BROOKE,,2025-06-20,S,7843,145.8638,1944718,I,https://www.sec.gov/Archives/edgar/data/1045810/000104581025000146/wk-form4_1750804182.xml
SEAWELL A BROOKE,,2025-06-23,S,9956,142.9474,1934762,I,https://www.sec.gov/Archives/edgar/data/1045810/000104581025000146/wk-form4_1750804182.xml
SEAWELL A BROOKE,,2025-06-23,S,45725,143.8318,1889037,I,https://www.sec.gov/Archives/edgar/data/1045810/000104581025000146/wk-form4_1750804182.xml
SEAWELL A BROOKE,,2025-06-24,S,12834,146.2951,1876203,I,https://www.sec.gov/Archives/edgar/data/1045810/000104581025000146/wk-form4_1750804182.xml
SEAWELL A BROOKE,,2025-06-24,S,40781,147.0417,1835422,I,https://www.sec.gov/Archives/edgar/data/1045810/000104581025000146/wk-form4_1750804182.xml
SEAWELL A BROOKE,,2025-06-24,S,852,147.7665,1834570,I,https://www.sec.gov/Archives/edgar/data/1045810/000104581025000146/wk-form4_1750804182.xml
STEVENS MARK A,,2025-06-18,S,608248,145.2633,8247600,I,https://www.sec.gov/Archives/edgar/data/1045810/000104581025000144/wk-form4_1750719235.xml
HUANG JEN HSUN,,2025-06-18,F,40163,144.12,75773225,D,https://www.sec.gov/Archives/edgar/data/1045810/000104581025000143/wk-form4_1750718967.xml
HUANG JEN HSUN,,2025-06-20,S,10232,143.4568,75762993,D,https://www.sec.gov/Archives/edgar/data/1045810/000104581025000143/wk-form4_1750718967.xml
HUANG JEN HSUN,,2025-06-20,S,27563,144.0127,75735430,D,https://www.sec.gov/Archives/edgar/data/1045810/000104581025000143/wk-form4_1750718967.xml
HUANG JEN HSUN,,2025-06-20,S,8691,145.3591,75726739,D,https://www.sec.gov/Archives/edgar/data/1045810/000104581025000143/wk-form4_1750718967.xml
HUANG JEN HSUN,,2025-06-20,S,3514,145.864,75723225,D,https://www.sec.gov/Archives/edgar/data/1045810/000104581025000143/wk-form4_1750718967.xml
HUANG JEN HSUN,,2025-06-23,S,4937,142.8047,75718288,D,https://www.sec.gov/Archives/edgar/data/1045810/000104581025000143/wk-form4_1750718967.xml
HUANG JEN HSUN,,2025-06-23,S,33194,143.7742,75685094,D,https://www.sec.gov/Archives/edgar/data/1045810/000104581025000143/wk-form4_1750718967.xml
HUANG JEN HSUN,,2025-06-23,S,11869,144.3225,75673225,D,https://www.sec.gov/Archives/edgar/data/1045810/000104581025000143/wk-form4_1750718967.xml
Puri Ajay K,,2025-06-18,F,38978,144.12,634193,D,https://www.sec.gov/Archives/edgar/data/1045810/000104581025000141/wk-form4_1750718569.xml
Kress Colette,,2025-06-18,F,43099,144.12,3042666,D,https://www.sec.gov/Archives/edgar/data/1045810/000104581025000140/wk-form4_1750718394.xml
Kress Colette,,2025-06-20,S,9340,143.5441,3033326,D,https://www.sec.gov/Archives/edgar/data/1045810/000104581025000140/wk-form4_1750718394.xml
Kress Colette,,2025-06-20,S,14578,144.0359,3018748,D,https://www.sec.gov/Archives/edgar/data/1045810/000104581025000140/wk-form4_1750718394.xml
Kress Colette,,2025-06-20,S,5043,145.4132,3013705,D,https://www.sec.gov/Archives/edgar/data/1045810/000104581025000140/wk-form4_1750718394.xml
Kress Colette,,2025-06-20,S,1539,145.9002,3012166,D,https://www.sec.gov/Archives/edgar/data/1045810/000104581025000140/wk-form4_1750718394.xml
Kress Colette,,2025-06-20,S,3051,143.5452,180009,I,https://www.sec.gov/Archives/edgar/data/1045810/000104581025000140/wk-form4_1750718394.xml
Kress Colette,,2025-06-20,S,4797,144.0371,175212,I,https://www.sec.gov/Archives/edgar/data/1045810/000104581025000140/wk-form4_1750718394.xml
Kress Colette,,2025-06-20,S,1662,145.4131,173550,I,https://www.sec.gov/Archives/edgar/data/1045810/000104581025000140/wk-form4_1750718394.xml
Kress Colette,,2025-06-20,S,490,145.9034,173060,I,https://www.sec.gov/Archives/edgar/data/1045810/000104581025000140/wk-form4_1750718394.xml
Kress Colette,,2025-06-20,S,3020,143.5466,809914,I,https://www.sec.gov/Archives/edgar/data/1045810/000104581025000140/wk-form4_1750718394.xml
Kress Colette,,2025-06-20,S,4839,144.0401,805075,I,https://www.sec.gov/Archives/edgar/data/1045810/000104581025000140/wk-form4_1750718394.xml
Kress Colette,,2025-06-20,S,1699,145.4132,803376,I,https://www.sec.gov/Archives/edgar/data/1045810/000104581025000140/wk-form4_1750718394.xml
Kress Colette,,2025-06-20,S,442,145.9123,802934,I,https://www.sec.gov/Archives/edgar/data/1045810/000104581025000140/wk-form4_1750718394.xml
Shoquist Debora,,2025-06-18,F,36332,144.12,548977,D,https://www.sec.gov/Archives/edgar/data/1045810/000104581025000139/wk-form4_1750718228.xml
Teter Timothy S.,,2025-06-18,F,37089,144.12,516606,D,https://www.sec.gov/Archives/edgar/data/1045810/000104581025000138/wk-form4_1750718059.xml
Robertson Donald F Jr,,2025-06-18,F,7303,144.12,472125,D,https://www.sec.gov/Archives/edgar/data/1045810/000152611125000003/wk-form4_1750717665.xml
Robertson Donald F Jr,,2025-06-20,S,4500,143.6598,467625,D,https://www.sec.gov/Archives/edgar/data/1045810/000152611125000003/wk-form4_1750717665.xml
